47246021,04/03/2018 00:00:00,04/03/2018 00:00:00,18.21347,109.47769,0.001287812,0,297,0,2,Yes,97,GPS,5,35,Routine Position,Iridium,0,0
47248366,04/03/2018 01:00:00,04/03/2018 01:00:00,18.21348,109.4777,0.000827588,0,43,0,2,Yes,97,GPS,6,36,Routine Position,Iridium,0,0
47249803,04/03/2018 02:00:00,04/03/2018 02:00:00,18.21348,109.4777,0,0,0,0,3,Yes,97,GPS,4,37,Routine Position,Iridium,0,0
47251675,04/03/2018 03:00:00,04/03/2018 03:00:00,18.21348,109.47771,0.000568128,0,89,0,3,Yes,97,GPS,4,38,Routine Position,Iridium,0,0
47253154,04/03/2018 04:00:00,04/03/2018 04:00:00,18.21347,109.47769,0.001287812,0,242,0,6,Yes,97,GPS,3,41,Routine Position,Iridium,0,0
47255053,04/03/2018 04:53:08,04/03/2018 04:53:08,18.21915,109.4043333,0,0,0,0,0,--,0,Iridium,3,0,Mailbox Check,Iridium,0,0
47255495,04/03/2018 05:00:00,04/03/2018 05:00:00,18.21127,109.46126,0.945673743,4.1,261,69,3,Yes,97,GPS,2,41,Routine Position,Iridium,0,0
47255610,04/03/2018 05:10:00,04/03/2018 05:10:00,18.22294,109.47314,5.844100625,6,44,331,3,Yes,97,GPS,2,41,Routine Position,Iridium,0,0
47255946,04/03/2018 05:20:00,04/03/2018 05:20:00,18.23878,109.47157,5.727613019,7.2,354,65,2,Yes,97,GPS,2,41,Routine Position,Iridium,0,0
47256196,04/03/2018 05:30:00,04/03/2018 05:30:00,18.24006,109.47332,0.755218955,8,52,249,1,Yes,97,GPS,4,40,Routine Position,Iridium,0,0
47256441,04/03/2018 05:40:00,04/03/2018 05:40:00,18.23556,109.45383,6.858020589,6.5,256,295,4,Yes,97,GPS,18,41,Routine Position,Iridium,0,0
47256606,04/03/2018 05:50:00,04/03/2018 05:50:00,18.24313,109.43872,5.841007705,3.1,297,276,1,Yes,97,GPS,132,41,Routine Position,Iridium,0,0
47256765,04/03/2018 06:00:00,04/03/2018 06:00:00,18.24377,109.43793,0.355022099,2.4,310,338,0,Yes,97,GPS,14,42,Routine Position,Iridium,0,0
47257492,04/03/2018 06:10:00,04/03/2018 06:10:00,18.24315,109.43784,0.22531119,1.6,187,82,0,Yes,97,GPS,7,42,Routine Position,Iridium,0,0
47257846,04/03/2018 06:20:00,04/03/2018 06:20:00,18.24425,109.43783,0.396014714,3.5,359,55,0,Yes,97,GPS,4,42,Routine Position,Iridium,0,0
47258128,04/03/2018 06:30:00,04/03/2018 06:30:00,18.24238,109.43804,0.677018085,3.5,173,11,0,Yes,97,GPS,3,42,Routine Position,Iridium,0,0
47258446,04/03/2018 06:40:00,04/03/2018 06:40:00,18.24041,109.44578,2.739754174,4.8,105,131,0,Yes,97,GPS,3,42,Routine Position,Iridium,0,0
47258703,04/03/2018 06:50:00,04/03/2018 06:50:00,18.2364,109.45606,3.799785413,4.6,112,193,0,Yes,97,GPS,3,41,Routine Position,Iridium,0,0
47259426,04/03/2018 07:00:00,04/03/2018 07:00:00,18.22246,109.44629,6.028636749,8.3,213,224,0,Yes,97,GPS,5,42,Routine Position,Iridium,0,0
47259420,04/03/2018 07:10:00,04/03/2018 07:10:00,18.20974,109.43142,6.385593948,7.2,221,237,0,Yes,97,GPS,5,41,Routine Position,Iridium,0,0
47259647,04/03/2018 07:20:00,04/03/2018 07:20:00,18.20207,109.41432,6.466941936,6.3,244,238,0,Yes,97,GPS,5,41,Routine Position,Iridium,0,0
47259827,04/03/2018 07:30:00,04/03/2018 07:30:00,18.19246,109.39928,6.198834514,7.3,236,228,0,Yes,97,GPS,4,40,Routine Position,Iridium,0,0
47260181,04/03/2018 07:40:00,04/03/2018 07:40:00,18.1804,109.3828,7.114693663,6.4,232,233,0,Yes,97,GPS,230,40,Routine Position,Iridium,0,0
47260451,04/03/2018 07:50:00,04/03/2018 07:50:00,18.16989,109.36741,6.48267421,6.4,234,236,0,Yes,97,GPS,14,40,Routine Position,Iridium,0,0
47261069,04/03/2018 08:00:00,04/03/2018 08:00:00,18.15843,109.3539,6.194866663,5.3,228,226,0,Yes,97,GPS,4,39,Routine Position,Iridium,0,0
47261326,04/03/2018 08:10:00,04/03/2018 08:10:00,18.14751,109.34008,6.14851992,5.5,230,254,0,Yes,97,GPS,3,39,Routine Position,Iridium,0,0
47261700,04/03/2018 08:20:00,04/03/2018 08:20:00,18.14317,109.32143,6.568629764,7,256,261,0,Yes,97,GPS,4,39,Routine Position,Iridium,0,0
47261863,04/03/2018 08:30:00,04/03/2018 08:30:00,18.13709,109.30431,6.252506845,5.2,249,251,0,Yes,97,GPS,5,39,Routine Position,Iridium,0,0
47262170,04/03/2018 08:40:00,04/03/2018 08:40:00,18.13543,109.28985,4.982944785,6.1,263,311,0,Yes,97,GPS,4,39,Routine Position,Iridium,0,0
47262546,04/03/2018 08:50:00,04/03/2018 08:50:00,18.14922,109.27729,6.565658334,7.8,319,330,0,Yes,97,GPS,3,38,Routine Position,Iridium,0,0
47262909,04/03/2018 09:00:00,04/03/2018 09:00:00,18.16527,109.26388,7.377517842,8.2,321,323,0,Yes,97,GPS,3,38,Routine Position,Iridium,0,0
47263237,04/03/2018 09:10:00,04/03/2018 09:10:00,18.18318,109.24893,8.229184727,9.1,321,324,0,Yes,97,GPS,3,38,Routine Position,Iridium,0,0
47263547,04/03/2018 09:20:00,04/03/2018 09:20:00,18.20137,109.23355,8.399377683,9.1,321,322,0,Yes,97,GPS,4,38,Routine Position,Iridium,0,0
47263715,04/03/2018 09:30:00,04/03/2018 09:30:00,18.21971,109.21692,8.713958296,8.3,319,332,0,Yes,97,GPS,6,38,Routine Position,Iridium,0,0
47264062,04/03/2018 09:40:00,04/03/2018 09:40:00,18.24182,109.2139,8.026303665,10.2,352,358,0,Yes,97,GPS,11,37,Routine Position,Iridium,0,0
47264403,04/03/2018 09:50:00,04/03/2018 09:50:00,18.26829,109.21145,9.565941824,9.2,354,352,0,Yes,97,GPS,571,37,Routine Position,Iridium,0,0
47264640,04/03/2018 10:00:00,04/03/2018 10:00:00,18.2855,109.20804,6.30430375,7.9,349,165,0,Yes,97,GPS,14,37,Routine Position,Iridium,0,0
47265004,04/03/2018 10:10:00,04/03/2018 10:10:00,18.26183,109.2113,8.59376343,8.8,172,172,0,Yes,97,GPS,5,37,Routine Position,Iridium,0,0
47265165,04/03/2018 10:20:00,04/03/2018 10:20:00,18.23738,109.21492,8.888587223,8.9,171,175,0,Yes,97,GPS,2,36,Routine Position,Iridium,0,0
47265537,04/03/2018 10:30:00,04/03/2018 10:30:00,18.21453,109.22056,8.449042892,7.1,166,131,0,Yes,97,GPS,2,36,Routine Position,Iridium,0,0
47265516,04/03/2018 10:40:00,04/03/2018 10:40:00,18.19854,109.2335,7.679106323,7.5,155,142,0,Yes,97,GPS,2,36,Routine Position,Iridium,0,0
47265683,04/03/2018 10:50:00,04/03/2018 10:50:00,18.18245,109.24524,7.047948235,6.8,145,152,0,Yes,97,GPS,3,35,Routine Position,Iridium,0,0
47265892,04/03/2018 11:00:00,04/03/2018 11:00:00,18.16656,109.2567,6.934524702,7,145,141,0,Yes,97,GPS,4,35,Routine Position,Iridium,0,0
47266302,04/03/2018 11:10:00,04/03/2018 11:10:00,18.15013,109.26957,7.373365927,7.4,143,144,0,Yes,97,GPS,5,35,Routine Position,Iridium,0,0
47266580,04/03/2018 11:20:00,04/03/2018 11:20:00,18.13479,109.28406,7.420877549,7.2,138,138,0,Yes,97,GPS,2,34,Routine Position,Iridium,0,0
47266773,04/03/2018 11:30:00,04/03/2018 11:30:00,18.12041,109.29937,7.364529168,7.4,134,131,1,Yes,97,GPS,2,34,Routine Position,Iridium,0,0
47266771,04/03/2018 11:30:00,04/03/2018 11:30:00,18.12041,109.29937,7.364529168,7.4,134,131,1,Yes,97,GPS,2,34,Routine Position,Iridium,0,0
47266813,04/03/2018 11:34:59,04/03/2018 11:34:59,18.14035,109.2721833,0,0,0,0,0,--,0,Iridium,6,0,Mailbox Check,Iridium,0,0
47267405,04/03/2018 12:00:00,04/03/2018 12:00:00,18.07951,109.34396,7.067960742,6.9,133,149,2,Yes,97,GPS,135,34,Routine Position,Iridium,0,0
47268587,04/03/2018 13:00:00,04/03/2018 13:00:00,17.99126,109.41121,6.538930484,6.3,144,146,1,Yes,97,GPS,3,33,Routine Position,Iridium,0,0
47269856,04/03/2018 14:00:00,04/03/2018 14:00:00,17.89615,109.45031,6.127529183,6,158,157,4,Yes,97,GPS,8,33,Routine Position,Iridium,0,0
47270881,04/03/2018 15:00:00,04/03/2018 15:00:00,17.96268,109.55061,6.979872094,7.6,55,60,4,Yes,97,GPS,4,33,Routine Position,Iridium,0,0
47271867,04/03/2018 16:00:00,04/03/2018 16:00:00,18.01081,109.64399,6.061139498,4.4,61,56,2,Yes,97,GPS,3,33,Routine Position,Iridium,0,0
47272965,04/03/2018 17:00:00,04/03/2018 17:00:00,18.0358,109.70946,4.025140717,4.3,68,60,0,Yes,97,GPS,3,33,Routine Position,Iridium,0,0
47273980,04/03/2018 18:00:00,04/03/2018 18:00:00,18.05578,109.75195,2.704230733,2.9,63,73,0,Yes,97,GPS,9,33,Routine Position,Iridium,0,0
47275307,04/03/2018 19:00:00,04/03/2018 19:00:00,18.08404,109.79505,2.986479772,2.9,55,52,0,Yes,97,GPS,4,34,Routine Position,Iridium,0,0
47276205,04/03/2018 20:00:00,04/03/2018 20:00:00,18.09825,109.81922,1.62086697,0.5,58,102,0,Yes,97,GPS,116,34,Routine Position,Iridium,0,0
47277493,04/03/2018 21:00:00,04/03/2018 21:00:00,18.09636,109.86517,2.623064536,1.4,92,65,2,Yes,97,GPS,4,34,Routine Position,Iridium,0,0
47278617,04/03/2018 22:00:00,04/03/2018 22:00:00,18.11186,109.90863,2.647242973,2.9,69,46,2,Yes,97,GPS,73,34,Routine Position,Iridium,0,0
47280051,04/03/2018 23:00:00,04/03/2018 23:00:00,18.13973,109.96766,3.758521469,1.8,63,63,0,Yes,97,GPS,3,34,Routine Position,Iridium,0,0
47281561,05/03/2018 00:00:00,05/03/2018 00:00:00,18.15141,109.99143,1.525740709,1.3,62,70,3,Yes,97,GPS,213,35,Routine Position,Iridium,0,0
47282864,05/03/2018 01:00:00,05/03/2018 01:00:00,18.16253,110.01594,1.548485842,1.4,64,68,2,Yes,97,GPS,14,36,Routine Position,Iridium,0,0
47283965,05/03/2018 02:00:00,05/03/2018 02:00:00,18.17346,110.04244,1.646932601,2.8,66,78,0,Yes,97,GPS,2,38,Routine Position,Iridium,0,0
47285586,05/03/2018 03:00:00,05/03/2018 03:00:00,18.18812,110.06875,1.738697639,1.6,59,51,1,Yes,97,GPS,2,41,Routine Position,Iridium,0,0
47287610,05/03/2018 04:00:00,05/03/2018 04:00:00,18.18782,110.11025,2.365662116,5.5,90,91,1,Yes,97,GPS,5,43,Routine Position,Iridium,0,0
47289545,05/03/2018 05:00:00,05/03/2018 05:00:00,18.20355,110.22227,6.45448598,8.9,81,74,0,Yes,96,GPS,7,44,Routine Position,Iridium,0,0
47291411,05/03/2018 06:00:00,05/03/2018 06:00:00,18.2288,110.36928,8.51441379,9.7,79,73,2,Yes,96,GPS,2,43,Routine Position,Iridium,0,0
47293773,05/03/2018 07:00:00,05/03/2018 07:00:00,18.25678,110.52703,9.144694069,10.1,79,76,4,Yes,96,GPS,3,43,Routine Position,Iridium,0,0
47295738,05/03/2018 08:00:00,05/03/2018 08:00:00,18.29405,110.69129,9.621944517,9.8,76,76,2,Yes,96,GPS,4,41,Routine Position,Iridium,0,0
47297765,05/03/2018 09:00:00,05/03/2018 09:00:00,18.33199,110.86659,10.2415003,10.7,77,75,3,Yes,96,GPS,2,40,Routine Position,Iridium,0,0
47299523,05/03/2018 10:00:00,05/03/2018 10:00:00,18.37193,111.04098,10.21626879,10.6,76,63,1,Yes,97,GPS,17,38,Routine Position,Iridium,0,0
47301128,05/03/2018 11:00:00,05/03/2018 11:00:00,18.42179,111.20746,9.939211787,10,72,77,0,Yes,97,GPS,4,37,Routine Position,Iridium,0,0
47302494,05/03/2018 12:00:00,05/03/2018 12:00:00,18.47377,111.37201,9.871287318,9.7,71,69,1,Yes,97,GPS,3,36,Routine Position,Iridium,0,0
47303969,05/03/2018 13:00:00,05/03/2018 13:00:00,18.5278,111.5218,9.118635041,8.9,69,71,5,Yes,97,GPS,18,35,Routine Position,Iridium,0,0
47305066,05/03/2018 14:00:00,05/03/2018 14:00:00,18.58105,111.6563,8.290881665,8.9,67,57,0,Yes,97,GPS,3,35,Routine Position,Iridium,0,0
47306205,05/03/2018 15:00:00,05/03/2018 15:00:00,18.64351,111.78614,8.279651435,8.6,63,76,9,Yes,97,GPS,2,34,Routine Position,Iridium,0,0
47307778,05/03/2018 16:00:00,05/03/2018 16:00:00,18.67823,111.92489,8.157815408,7.8,75,83,0,Yes,97,GPS,4,34,Routine Position,Iridium,0,0
47309028,05/03/2018 17:00:00,05/03/2018 17:00:00,18.72319,112.0643,8.369647318,7.7,71,65,0,Yes,97,GPS,4,34,Routine Position,Iridium,0,0
47310489,05/03/2018 18:00:00,05/03/2018 18:00:00,18.78833,112.20174,8.732022723,9.3,63,70,0,Yes,97,GPS,5,34,Routine Position,Iridium,0,0
47311896,05/03/2018 19:00:00,05/03/2018 19:00:00,18.83784,112.33752,8.26393676,7.8,68,62,6,Yes,97,GPS,5,34,Routine Position,Iridium,0,0
47313508,05/03/2018 20:00:00,05/03/2018 20:00:00,18.91302,112.4433,7.510877823,7.9,53,36,6,Yes,97,GPS,2,34,Routine Position,Iridium,0,0
47315234,05/03/2018 21:00:00,05/03/2018 21:00:00,19.00337,112.5372,7.601247053,8,44,40,2,Yes,97,GPS,2,34,Routine Position,Iridium,0,0
47316550,05/03/2018 22:00:00,05/03/2018 22:00:00,19.10072,112.62084,7.524500415,7.6,39,49,2,Yes,97,GPS,7,34,Routine Position,Iridium,0,0
47317701,05/03/2018 23:00:00,05/03/2018 23:00:00,19.18673,112.71398,7.382640333,7.5,45,45,0,Yes,97,GPS,7,34,Routine Position,Iridium,0,0
47319151,06/03/2018 00:00:00,06/03/2018 00:00:00,19.28708,112.78662,7.292875783,6.5,34,36,2,Yes,97,GPS,4,34,Routine Position,Iridium,0,0
47320932,06/03/2018 01:00:00,06/03/2018 01:00:00,19.38625,112.84723,6.868753203,6.5,29,30,3,Yes,97,GPS,5,34,Routine Position,Iridium,0,0
47322742,06/03/2018 02:00:00,06/03/2018 02:00:00,19.47355,112.93581,7.249687003,7.3,43,43,7,Yes,97,GPS,4,35,Routine Position,Iridium,0,0
47324494,06/03/2018 03:00:00,06/03/2018 03:00:00,19.55777,113.02308,7.06348452,7.6,44,47,0,Yes,97,GPS,14,36,Routine Position,Iridium,0,0
47326682,06/03/2018 04:00:00,06/03/2018 04:00:00,19.64102,113.10883,6.960064305,6.9,44,42,1,Yes,96,GPS,3,37,Routine Position,Iridium,0,0
47328962,06/03/2018 05:00:00,06/03/2018 05:00:00,19.7255,113.18758,6.744298267,7.1,41,47,7,Yes,96,GPS,339,38,Routine Position,Iridium,0,0
47331265,06/03/2018 06:00:00,06/03/2018 06:00:00,19.81368,113.28352,7.572169236,8.1,45,41,4,Yes,96,GPS,3,37,Routine Position,Iridium,0,0
47333683,06/03/2018 07:00:00,06/03/2018 07:00:00,19.92105,113.3683,8.024275594,9,36,22,2,Yes,96,GPS,3,38,Routine Position,Iridium,0,0
47335785,06/03/2018 08:00:00,06/03/2018 08:00:00,20.0272,113.4444,7.679828339,7.6,33,34,0,Yes,96,GPS,8,37,Routine Position,Iridium,0,0
47337990,06/03/2018 09:00:00,06/03/2018 09:00:00,20.13396,113.52198,7.75529943,8.3,34,28,7,Yes,96,GPS,9,35,Routine Position,Iridium,0,0
47339919,06/03/2018 10:00:00,06/03/2018 10:00:00,20.24186,113.59334,7.619811159,7.8,31,23,0,Yes,96,GPS,2,34,Routine Position,Iridium,0,0
47342062,06/03/2018 11:00:00,06/03/2018 11:00:00,20.35089,113.65816,7.490061694,6.5,29,19,2,Yes,96,GPS,5,33,Routine Position,Iridium,0,0
47341998,06/03/2018 11:01:15,06/03/2018 11:01:15,20.32188333,113.7017833,0,0,0,0,0,--,0,Iridium,5,0,Unknown,Iridium,0,0
47343701,06/03/2018 12:00:00,06/03/2018 12:00:00,20.46415,113.70218,7.23242156,7.9,20,12,0,Yes,96,GPS,5,33,Routine Position,Iridium,0,0
47345065,06/03/2018 13:00:00,06/03/2018 13:00:00,20.57483,113.74094,6.988856408,7.8,18,37,2,Yes,96,GPS,4,33,Routine Position,Iridium,0,0
47346451,06/03/2018 14:00:00,06/03/2018 14:00:00,20.68284,113.78561,6.949100838,7.7,21,30,6,Yes,96,GPS,4,32,Routine Position,Iridium,0,0
47347629,06/03/2018 15:00:00,06/03/2018 15:00:00,20.7974,113.83119,7.334000435,7.5,20,22,5,Yes,97,GPS,5,32,Routine Position,Iridium,0,0
47348938,06/03/2018 16:00:00,06/03/2018 16:00:00,20.90458,113.87378,6.859879367,7.5,20,19,0,Yes,97,GPS,4,32,Routine Position,Iridium,0,0
47350109,06/03/2018 17:00:00,06/03/2018 17:00:00,20.97997,113.93097,5.543591662,7.2,35,101,7,Yes,96,GPS,22,32,Routine Position,Iridium,0,0
47351198,06/03/2018 18:00:00,06/03/2018 18:00:00,20.90661,114.03715,7.401048241,8.6,126,146,5,Yes,97,GPS,2,32,Routine Position,Iridium,0,0
47352680,06/03/2018 19:00:00,06/03/2018 19:00:00,20.80648,114.12902,7.913695265,8.1,139,123,5,Yes,97,GPS,2,31,Routine Position,Iridium,0,0
47353878,06/03/2018 20:00:00,06/03/2018 20:00:00,20.70899,114.21737,7.667223111,5.8,139,121,2,Yes,97,GPS,8,31,Routine Position,Iridium,0,0
47355251,06/03/2018 21:00:00,06/03/2018 21:00:00,20.69781,114.28879,4.064214928,7.6,99,15,3,Yes,96,GPS,10,31,Routine Position,Iridium,0,0
47356378,06/03/2018 22:00:00,06/03/2018 22:00:00,20.80139,114.35139,7.138664225,6.4,29,38,3,Yes,96,GPS,3,31,Routine Position,Iridium,0,0
47357745,06/03/2018 23:00:00,06/03/2018 23:00:00,20.90261,114.40705,6.82814472,6.9,27,130,3,Yes,96,GPS,12,31,Routine Position,Iridium,0,0
47359078,07/03/2018 00:00:00,07/03/2018 00:00:00,20.84692,114.51053,6.694744898,6.9,119,113,2,Yes,96,GPS,4,32,Routine Position,Iridium,0,0
47360948,07/03/2018 01:00:00,07/03/2018 01:00:00,20.7952,114.61804,6.7810645,6.3,117,118,0,Yes,96,GPS,239,32,Routine Position,Iridium,0,0
47362556,07/03/2018 02:00:00,07/03/2018 02:00:00,20.75225,114.73266,6.927275151,6.6,111,105,8,Yes,96,GPS,5,34,Routine Position,Iridium,0,0
47364294,07/03/2018 03:00:00,07/03/2018 03:00:00,20.71789,114.84764,6.773316531,6.7,107,108,9,Yes,96,GPS,107,35,Routine Position,Iridium,0,0
47366490,07/03/2018 04:00:00,07/03/2018 04:00:00,20.69622,114.9688,6.923174589,6.4,100,82,11,Yes,96,GPS,3,35,Routine Position,Iridium,0,0
47368447,07/03/2018 05:00:00,07/03/2018 05:00:00,20.67825,115.09468,7.147606012,7.5,98,98,6,Yes,96,GPS,96,35,Routine Position,Iridium,0,0
47370190,07/03/2018 06:00:00,07/03/2018 06:00:00,20.65722,115.21451,6.844400375,5.8,100,100,2,Yes,96,GPS,7,36,Routine Position,Iridium,0,0
47372083,07/03/2018 07:00:00,07/03/2018 07:00:00,20.62028,115.32359,6.513459566,6.8,109,124,0,Yes,96,GPS,20,38,Routine Position,Iridium,0,0
47373788,07/03/2018 08:00:00,07/03/2018 08:00:00,20.56873,115.44188,7.328512703,7.2,114,98,3,Yes,96,GPS,3,37,Routine Position,Iridium,0,0
47375599,07/03/2018 09:00:00,07/03/2018 09:00:00,20.53788,115.54126,5.88207527,6.7,108,38,2,Yes,96,GPS,4,36,Routine Position,Iridium,0,0
47377329,07/03/2018 10:00:00,07/03/2018 10:00:00,20.63442,115.61511,7.124483448,6.1,35,61,2,Yes,96,GPS,3,34,Routine Position,Iridium,0,0
47378874,07/03/2018 11:00:00,07/03/2018 11:00:00,20.73284,115.67506,6.796738401,4.1,29,21,2,Yes,96,GPS,5,32,Routine Position,Iridium,0,0
47380330,07/03/2018 12:00:00,07/03/2018 12:00:00,20.81057,115.73647,5.798255942,6.7,36,100,3,Yes,96,GPS,4,32,Routine Position,Iridium,0,0
47382049,07/03/2018 13:00:00,07/03/2018 13:00:00,20.74496,115.83646,6.85274812,6.7,125,113,11,Yes,96,GPS,154,32,Routine Position,Iridium,0,0
47383850,07/03/2018 14:00:00,07/03/2018 14:00:00,20.69429,115.94649,6.882670111,7.5,116,117,5,Yes,96,GPS,3,32,Routine Position,Iridium,0,0
47385391,07/03/2018 15:00:00,07/03/2018 15:00:00,20.65747,116.07928,7.774720418,9.5,106,113,3,Yes,96,GPS,158,32,Routine Position,Iridium,0,0
47386849,07/03/2018 16:00:00,07/03/2018 16:00:00,20.61275,116.23336,9.058215179,9.4,107,109,0,Yes,96,GPS,3,32,Routine Position,Iridium,0,0
47388189,07/03/2018 17:00:00,07/03/2018 17:00:00,20.56064,116.39008,9.341495959,10.3,109,113,5,Yes,96,GPS,5,32,Routine Position,Iridium,0,0
47389607,07/03/2018 18:00:00,07/03/2018 18:00:00,20.51414,116.54616,9.202720831,8.4,107,101,3,Yes,96,GPS,5,32,Routine Position,Iridium,0,0
47390802,07/03/2018 19:00:00,07/03/2018 19:00:00,20.46406,116.68983,8.615824465,8.4,110,97,5,Yes,96,GPS,22,32,Routine Position,Iridium,0,0
47392610,07/03/2018 20:00:00,07/03/2018 20:00:00,20.41512,116.83966,8.920931272,8.2,109,94,3,Yes,96,GPS,9,32,Routine Position,Iridium,0,0
47393844,07/03/2018 21:00:00,07/03/2018 21:00:00,20.37384,116.95225,6.799118925,7.1,111,108,4,Yes,96,GPS,62,32,Routine Position,Iridium,0,0
47395270,07/03/2018 22:00:00,07/03/2018 22:00:00,20.32661,117.07477,7.452193759,6.5,112,107,1,Yes,96,GPS,3,32,Routine Position,Iridium,0,0
47396880,07/03/2018 23:00:00,07/03/2018 23:00:00,20.29426,117.19299,6.929577835,6.2,106,84,4,Yes,96,GPS,3,33,Routine Position,Iridium,0,0
47398790,08/03/2018 00:00:00,08/03/2018 00:00:00,20.28113,117.31838,7.100512227,7.3,96,88,7,Yes,96,GPS,7,33,Routine Position,Iridium,0,0
47399954,08/03/2018 01:00:00,08/03/2018 01:00:00,20.28357,117.45641,7.76967246,7.5,88,85,7,Yes,96,GPS,10,34,Routine Position,Iridium,0,0
47401348,08/03/2018 02:00:00,08/03/2018 02:00:00,20.28855,117.58742,7.379084938,7.8,87,81,11,Yes,96,GPS,6,34,Routine Position,Iridium,0,0
47402937,08/03/2018 03:00:00,08/03/2018 03:00:00,20.29497,117.70476,6.614689699,8,86,94,4,Yes,96,GPS,2,37,Routine Position,Iridium,0,0
47404540,08/03/2018 04:00:00,08/03/2018 04:00:00,20.29872,117.83455,7.307329646,6.6,88,78,2,Yes,96,GPS,2,39,Routine Position,Iridium,0,0
47406534,08/03/2018 05:00:00,08/03/2018 05:00:00,20.3132,117.97398,7.893844929,8.6,83,76,0,Yes,96,GPS,68,38,Routine Position,Iridium,0,0
47408464,08/03/2018 06:00:00,08/03/2018 06:00:00,20.31638,118.12703,8.613924457,9.9,88,84,0,Yes,96,GPS,9,38,Routine Position,Iridium,0,0
47410369,08/03/2018 07:00:00,08/03/2018 07:00:00,20.32979,118.28575,8.966544367,9.4,84,93,0,Yes,96,GPS,8,37,Routine Position,Iridium,0,0
47412117,08/03/2018 08:00:00,08/03/2018 08:00:00,20.34154,118.44695,9.096531491,7.5,85,82,3,Yes,96,GPS,4,35,Routine Position,Iridium,0,0
47413742,08/03/2018 09:00:00,08/03/2018 09:00:00,20.36518,118.60488,8.996696514,10,80,81,4,Yes,96,GPS,5,33,Routine Position,Iridium,0,0
47415238,08/03/2018 10:00:00,08/03/2018 10:00:00,20.38477,118.77032,9.379287069,9.9,82,72,4,Yes,96,GPS,4,32,Routine Position,Iridium,0,0
47416415,08/03/2018 11:00:00,08/03/2018 11:00:00,20.43073,118.92109,8.915595677,8.9,71,62,3,Yes,96,GPS,40,32,Routine Position,Iridium,0,0
47417994,08/03/2018 12:00:00,08/03/2018 12:00:00,20.46696,119.07803,9.08686367,9.2,76,72,8,Yes,96,GPS,4,31,Routine Position,Iridium,0,0
47419092,08/03/2018 13:00:00,08/03/2018 13:00:00,20.50833,119.21538,8.108986308,6.7,72,74,0,Yes,96,GPS,9,31,Routine Position,Iridium,0,0
47420172,08/03/2018 14:00:00,08/03/2018 14:00:00,20.5532,119.34822,7.934828336,8.6,70,86,6,Yes,96,GPS,7,31,Routine Position,Iridium,0,0
47421278,08/03/2018 15:00:00,08/03/2018 15:00:00,20.59169,119.49142,8.369019431,7.9,73,74,7,Yes,96,GPS,3,31,Routine Position,Iridium,0,0
47422637,08/03/2018 16:00:00,08/03/2018 16:00:00,20.62517,119.6324,8.168360625,7,75,68,0,Yes,96,GPS,3,31,Routine Position,Iridium,0,0
47423756,08/03/2018 17:00:00,08/03/2018 17:00:00,20.62424,119.75494,6.881394126,2.3,90,118,1,Yes,96,GPS,8,31,Routine Position,Iridium,0,0
47425033,08/03/2018 18:00:00,08/03/2018 18:00:00,20.60566,119.85632,5.801421503,6.3,101,102,0,Yes,96,GPS,4,30,Routine Position,Iridium,0,0
47426081,08/03/2018 19:00:00,08/03/2018 19:00:00,20.5886,119.96495,6.18643302,7.3,99,91,0,Yes,96,GPS,23,30,Routine Position,Iridium,0,0
47427191,08/03/2018 20:00:00,08/03/2018 20:00:00,20.55827,120.08317,6.885642861,8.2,105,103,0,Yes,96,GPS,4,31,Routine Position,Iridium,0,0
47428335,08/03/2018 21:00:00,08/03/2018 21:00:00,20.52748,120.19644,6.626744672,8.2,106,102,0,Yes,96,GPS,122,30,Routine Position,Iridium,0,0
47429394,08/03/2018 22:00:00,08/03/2018 22:00:00,20.49467,120.31765,7.090316738,8.1,106,98,0,Yes,96,GPS,5,30,Routine Position,Iridium,0,0
47430264,08/03/2018 23:00:00,08/03/2018 23:00:00,20.44737,120.42797,6.819752519,6.7,114,123,5,Yes,96,GPS,680,30,Routine Position,Iridium,0,0
47431704,09/03/2018 00:00:00,09/03/2018 00:00:00,20.41447,120.53621,6.397998478,7,107,130,9,Yes,96,GPS,3,30,Routine Position,Iridium,0,0
47432701,09/03/2018 01:00:00,09/03/2018 01:00:00,20.37738,120.63868,6.17751442,6.6,111,127,0,Yes,96,GPS,2,31,Routine Position,Iridium,0,0
47433890,09/03/2018 02:00:00,09/03/2018 02:00:00,20.35863,120.75533,6.65714396,6.6,99,92,0,Yes,96,GPS,2,31,Routine Position,Iridium,0,0
47435332,09/03/2018 03:00:00,09/03/2018 03:00:00,20.3493,120.86969,6.457483877,7.8,94,81,2,Yes,96,GPS,3,31,Routine Position,Iridium,0,0
47436849,09/03/2018 04:00:00,09/03/2018 04:00:00,20.33384,120.98946,6.801596438,7.8,97,117,0,Yes,96,GPS,2,31,Routine Position,Iridium,0,0
47438189,09/03/2018 05:00:00,09/03/2018 05:00:00,20.42845,120.98877,5.676732638,9.5,359,335,0,Yes,96,GPS,4,31,Routine Position,Iridium,0,0
47439989,09/03/2018 06:00:00,09/03/2018 06:00:00,20.5585,120.936,8.347627089,10,339,340,0,Yes,96,GPS,4,31,Routine Position,Iridium,0,0
47441229,09/03/2018 07:00:00,09/03/2018 07:00:00,20.56471,121.01007,4.177731379,4.7,84,103,5,Yes,96,GPS,2,31,Routine Position,Iridium,0,0
47443880,09/03/2018 08:00:00,09/03/2018 08:00:00,20.69751,120.95954,8.458112224,10.1,340,340,3,Yes,96,GPS,19,31,Routine Position,Iridium,0,0
47443870,09/03/2018 09:00:00,09/03/2018 09:00:00,20.84326,120.92086,8.723439762,10,343,331,5,Yes,96,GPS,17,31,Routine Position,Iridium,0,0
47445128,09/03/2018 10:00:00,09/03/2018 10:00:00,20.99534,120.88343,9.362830486,10.7,347,347,3,Yes,96,GPS,4,31,Routine Position,Iridium,0,0
47446126,09/03/2018 11:00:00,09/03/2018 11:00:00,21.1446,120.86532,9.012816934,10.5,353,357,2,Yes,96,GPS,3,30,Routine Position,Iridium,0,0
47447249,09/03/2018 12:00:00,09/03/2018 12:00:00,21.29345,120.84774,8.984966102,9.9,353,325,8,Yes,96,GPS,4,30,Routine Position,Iridium,0,0
47448096,09/03/2018 13:00:00,09/03/2018 13:00:00,21.43363,120.84873,8.410981889,8.1,0,13,6,Yes,96,GPS,2,30,Routine Position,Iridium,0,0
47449125,09/03/2018 14:00:00,09/03/2018 14:00:00,21.56789,120.85465,8.062376178,7,2,359,5,Yes,96,GPS,5,30,Routine Position,Iridium,0,0
47449124,09/03/2018 14:00:00,09/03/2018 14:00:00,21.56789,120.85465,8.062376178,7,2,359,5,Yes,96,GPS,5,30,Routine Position,Iridium,0,0
47449754,09/03/2018 15:00:00,09/03/2018 15:00:00,21.6821,120.87163,6.917738821,9.5,7,71,0,Yes,96,GPS,5,29,Routine Position,Iridium,0,0
47450918,09/03/2018 16:00:00,09/03/2018 16:00:00,21.66302,121.03578,9.224085355,7.9,97,104,0,Yes,96,GPS,4,29,Routine Position,Iridium,0,0
47451723,09/03/2018 17:00:00,09/03/2018 17:00:00,21.63004,121.18167,8.373263155,9.3,103,102,0,Yes,96,GPS,8,29,Routine Position,Iridium,0,0
47452647,09/03/2018 18:00:00,09/03/2018 18:00:00,21.60045,121.32972,8.447018427,8.6,102,83,3,Yes,96,GPS,9,29,Routine Position,Iridium,0,0
47453254,09/03/2018 19:00:00,09/03/2018 19:00:00,21.56484,121.47394,8.325341835,7.4,104,94,3,Yes,96,GPS,2,29,Routine Position,Iridium,0,0
47454314,09/03/2018 20:00:00,09/03/2018 20:00:00,21.5127,121.61433,8.436649544,8.1,111,124,5,Yes,96,GPS,2,29,Routine Position,Iridium,0,0
47455224,09/03/2018 21:00:00,09/03/2018 21:00:00,21.46621,121.75514,8.34150535,9.1,109,113,0,Yes,96,GPS,12,29,Routine Position,Iridium,0,0
47455908,09/03/2018 22:00:00,09/03/2018 22:00:00,21.4133,121.8976,8.566097529,8.2,111,101,0,Yes,96,GPS,6,29,Routine Position,Iridium,0,0
47456711,09/03/2018 23:00:00,09/03/2018 23:00:00,21.37353,122.02913,7.725774667,9.2,107,112,2,Yes,96,GPS,6,29,Routine Position,Iridium,0,0
47457921,10/03/2018 00:00:00,10/03/2018 00:00:00,21.35275,122.17112,8.031401948,9.2,98,106,6,Yes,96,GPS,7,30,Routine Position,Iridium,0,0
47459242,10/03/2018 01:00:00,10/03/2018 01:00:00,21.45351,122.1527,6.13254273,4.8,350,340,6,Yes,96,GPS,3,30,Routine Position,Iridium,0,0
47460056,10/03/2018 02:00:00,10/03/2018 02:00:00,21.56935,122.1261,7.107234205,7.9,347,344,9,Yes,96,GPS,6,31,Routine Position,Iridium,0,0
47461237,10/03/2018 03:00:00,10/03/2018 03:00:00,21.70144,122.07644,8.395421878,7.6,340,348,2,Yes,96,GPS,5,31,Routine Position,Iridium,0,0
47462558,10/03/2018 04:00:00,10/03/2018 04:00:00,21.82955,122.02974,8.115139311,7,341,327,6,Yes,96,GPS,5,33,Routine Position,Iridium,0,0
47464012,10/03/2018 05:00:00,10/03/2018 05:00:00,21.95387,121.98096,7.938195822,7.6,340,337,8,Yes,96,GPS,2,35,Routine Position,Iridium,0,0
47465551,10/03/2018 06:00:00,10/03/2018 06:00:00,22.07743,121.93674,7.811001579,9.1,341,335,5,Yes,96,GPS,2,34,Routine Position,Iridium,0,0
47466903,10/03/2018 07:00:00,10/03/2018 07:00:00,22.20694,121.90729,7.941093371,7.9,348,356,6,Yes,96,GPS,6,35,Routine Position,Iridium,0,0
47468542,10/03/2018 08:00:00,10/03/2018 08:00:00,22.33911,121.87897,8.084588661,9.1,348,348,2,Yes,96,GPS,13,33,Routine Position,Iridium,0,0
47470866,10/03/2018 09:00:00,10/03/2018 09:00:00,22.47941,121.858,8.497983581,8.5,352,359,0,Yes,96,GPS,3,31,Routine Position,Iridium,0,0
47484271,10/03/2018 10:00:00,10/03/2018 10:00:00,22.623,121.82842,8.769934029,8.9,349,341,1,Yes,96,GPS,4,29,Routine Position,Iridium,0,0
47497214,10/03/2018 11:00:00,10/03/2018 11:00:00,22.77491,121.81167,9.161634874,9.8,354,352,5,Yes,96,GPS,3,28,Routine Position,Iridium,0,0
47508980,10/03/2018 12:00:00,10/03/2018 12:00:00,22.91689,121.77404,8.769217933,7.8,346,346,3,Yes,96,GPS,4,29,Routine Position,Iridium,0,0
47511982,10/03/2018 13:00:00,10/03/2018 13:00:00,23.05908,121.73963,8.740550791,7.7,347,358,3,Yes,96,GPS,4,28,Routine Position,Iridium,0,0
47512931,10/03/2018 14:00:00,10/03/2018 14:00:00,23.14239,121.79652,5.902857322,6.7,32,85,2,Yes,96,GPS,4,28,Routine Position,Iridium,0,0
47513826,10/03/2018 15:00:00,10/03/2018 15:00:00,23.1516,121.92118,6.89965211,6.1,85,72,0,Yes,96,GPS,6,28,Routine Position,Iridium,0,0
47514407,10/03/2018 16:00:00,10/03/2018 16:00:00,23.13881,122.04294,6.761275038,6.1,96,101,0,Yes,96,GPS,18,28,Routine Position,Iridium,0,0
47515193,10/03/2018 17:00:00,10/03/2018 17:00:00,23.13749,122.16542,6.758126835,8.2,90,74,0,Yes,96,GPS,2,28,Routine Position,Iridium,0,0
47515855,10/03/2018 18:00:00,10/03/2018 18:00:00,23.15873,122.28743,6.850807628,6.9,79,80,0,Yes,96,GPS,2,28,Routine Position,Iridium,0,0
47516613,10/03/2018 19:00:00,10/03/2018 19:00:00,23.16769,122.39122,5.750581557,5.6,84,59,0,Yes,96,GPS,7,28,Routine Position,Iridium,0,0
47517365,10/03/2018 20:00:00,10/03/2018 20:00:00,23.20122,122.49285,5.955446338,5.3,70,62,0,Yes,96,GPS,6,29,Routine Position,Iridium,0,0
47518297,10/03/2018 21:00:00,10/03/2018 21:00:00,23.23967,122.60484,6.591966232,6.2,69,62,0,Yes,96,GPS,3,29,Routine Position,Iridium,0,0
47519335,10/03/2018 22:00:00,10/03/2018 22:00:00,23.28032,122.72492,7.054265755,7.6,69,59,0,Yes,96,GPS,3,29,Routine Position,Iridium,0,0
47520118,10/03/2018 23:00:00,10/03/2018 23:00:00,23.31037,122.85628,7.460233656,8.2,75,64,0,Yes,96,GPS,5,29,Routine Position,Iridium,0,0
47521150,11/03/2018 00:00:00,11/03/2018 00:00:00,23.42544,122.88434,7.07506642,10.6,12,354,0,Yes,96,GPS,104,30,Routine Position,Iridium,0,0
47521146,11/03/2018 00:00:00,11/03/2018 00:00:00,23.42544,122.88434,7.07506642,10.6,12,354,0,Yes,96,GPS,104,30,Routine Position,Iridium,0,0
47522355,11/03/2018 01:00:00,11/03/2018 01:00:00,23.58382,122.88506,9.502882546,9,0,359,0,Yes,96,GPS,3,31,Routine Position,Iridium,0,0
47523169,11/03/2018 02:00:00,11/03/2018 02:00:00,23.72792,122.88498,8.646001091,8.3,359,4,0,Yes,96,GPS,684,32,Routine Position,Iridium,0,0
47524007,11/03/2018 03:00:00,11/03/2018 03:00:00,23.85727,122.86888,7.811171603,8,353,352,0,Yes,96,GPS,3,34,Routine Position,Iridium,0,0
47525023,11/03/2018 04:00:00,11/03/2018 04:00:00,23.95874,122.84459,6.232281925,5.4,347,345,4,Yes,96,GPS,4,37,Routine Position,Iridium,0,0
47526132,11/03/2018 05:00:00,11/03/2018 05:00:00,24.07348,122.83214,6.918131333,7.5,354,8,0,Yes,96,GPS,3,39,Routine Position,Iridium,0,0
47527187,11/03/2018 06:00:00,11/03/2018 06:00:00,24.15781,122.82011,5.102508934,7.6,352,0,0,Yes,96,GPS,6,39,Routine Position,Iridium,0,0
47528288,11/03/2018 07:00:00,11/03/2018 07:00:00,24.26671,122.80419,6.591820563,9.7,352,344,2,Yes,96,GPS,5,36,Routine Position,Iridium,0,0
47529247,11/03/2018 08:00:00,11/03/2018 08:00:00,24.39716,122.79232,7.853855665,8.7,355,357,3,Yes,96,GPS,6,36,Routine Position,Iridium,0,0
47530281,11/03/2018 09:00:00,11/03/2018 09:00:00,24.53422,122.78871,8.225962872,9.4,358,359,6,Yes,96,GPS,2,34,Routine Position,Iridium,0,0
47531155,11/03/2018 10:00:00,11/03/2018 10:00:00,24.69441,122.78106,9.62045433,7.5,357,4,6,Yes,96,GPS,2,32,Routine Position,Iridium,0,0
47532172,11/03/2018 11:00:00,11/03/2018 11:00:00,24.81044,122.78871,6.974267399,9.5,3,356,8,Yes,96,GPS,4,31,Routine Position,Iridium,0,0
47533197,11/03/2018 12:00:00,11/03/2018 12:00:00,24.96954,122.78154,9.553973209,8.7,357,3,9,Yes,96,GPS,9,30,Routine Position,Iridium,0,0
47534144,11/03/2018 13:00:00,11/03/2018 13:00:00,25.12839,122.78755,9.53659703,11.8,1,14,16,Yes,96,GPS,9,31,Routine Position,Iridium,0,0
47534969,11/03/2018 14:00:00,11/03/2018 14:00:00,25.32845,122.81566,12.1001754,13,7,357,4,Yes,96,GPS,218,31,Routine Position,Iridium,0,0
47535561,11/03/2018 15:00:00,11/03/2018 15:00:00,25.5329,122.82244,12.27250009,11.5,1,3,7,Yes,96,GPS,2,31,Routine Position,Iridium,0,0
47536421,11/03/2018 16:00:00,11/03/2018 16:00:00,25.72699,122.83801,11.67582015,12.1,4,358,8,Yes,96,GPS,2,30,Routine Position,Iridium,0,0
47537364,11/03/2018 17:00:00,11/03/2018 17:00:00,25.91399,122.83553,11.22079945,10.8,359,1,7,Yes,96,GPS,6,30,Routine Position,Iridium,0,0
47538223,11/03/2018 18:00:00,11/03/2018 18:00:00,26.09739,122.84481,11.01537286,10.9,2,356,5,Yes,96,GPS,11,30,Routine Position,Iridium,0,0
47538854,11/03/2018 19:00:00,11/03/2018 19:00:00,26.29023,122.86674,11.63048354,11.1,5,9,0,Yes,96,GPS,2,30,Routine Position,Iridium,0,0
47539534,11/03/2018 20:00:00,11/03/2018 20:00:00,26.47681,122.88034,11.21864136,12.6,3,20,0,Yes,96,GPS,3,30,Routine Position,Iridium,0,0
47540184,11/03/2018 21:00:00,11/03/2018 21:00:00,26.68036,122.90349,12.27601146,12.5,5,348,7,Yes,96,GPS,5,29,Routine Position,Iridium,0,0
47540980,11/03/2018 22:00:00,11/03/2018 22:00:00,26.87961,122.91074,11.96130571,11.9,1,0,9,Yes,96,GPS,3,28,Routine Position,Iridium,0,0
47541055,11/03/2018 22:08:00,11/03/2018 22:08:00,26.95295,122.9410667,0,0,0,0,0,--,0,Iridium,9,0,Config Report,Iridium,0,0
47541650,11/03/2018 23:00:00,11/03/2018 23:00:00,27.0667,122.91233,11.22572194,11.9,0,8,6,Yes,98,GPS,7,28,Routine Position,Iridium,0,0
47543020,12/03/2018 00:00:00,12/03/2018 00:00:00,27.2614,122.91554,11.68325666,10.8,0,356,7,Yes,99,GPS,3,29,Routine Position,Iridium,0,0
47542925,12/03/2018 00:00:00,12/03/2018 00:00:00,27.2614,122.91554,11.68325666,10.8,0,356,7,Yes,99,GPS,5,29,Routine Position,Iridium,0,0
47543907,12/03/2018 01:00:00,12/03/2018 01:00:00,27.45779,122.94749,11.9057647,10,8,11,6,Yes,99,GPS,3,30,Routine Position,Iridium,0,0
47544580,12/03/2018 02:00:00,12/03/2018 02:00:00,27.65356,122.96124,11.76894975,11,3,2,6,Yes,98,GPS,684,31,Routine Position,Iridium,0,0
47545556,12/03/2018 03:00:00,12/03/2018 03:00:00,27.81986,122.96932,9.987222092,10.1,2,357,1,Yes,98,GPS,3,31,Routine Position,Iridium,0,0
47546642,12/03/2018 04:00:00,12/03/2018 04:00:00,27.972,122.97789,9.139705141,9.6,2,5,1,Yes,98,GPS,72,30,Routine Position,Iridium,0,0
47547949,12/03/2018 05:00:00,12/03/2018 05:00:00,28.13675,123.0121,10.04960064,9.8,10,16,2,Yes,98,GPS,6,30,Routine Position,Iridium,0,0
47549392,12/03/2018 06:00:00,12/03/2018 06:00:00,28.30602,123.05116,10.36400768,9.9,11,13,0,Yes,98,GPS,125,32,Routine Position,Iridium,0,0
47550711,12/03/2018 07:00:00,12/03/2018 07:00:00,28.47404,123.09441,10.33645156,10.5,12,13,5,Yes,98,GPS,3,32,Routine Position,Iridium,0,0
47552188,12/03/2018 08:00:00,12/03/2018 08:00:00,28.63595,123.14263,10.04148816,10.2,14,6,0,Yes,98,GPS,4,31,Routine Position,Iridium,0,0
47553482,12/03/2018 09:00:00,12/03/2018 09:00:00,28.81097,123.185,10.73523789,9.9,11,6,7,Yes,98,GPS,4,29,Routine Position,Iridium,0,0
47554646,12/03/2018 10:00:00,12/03/2018 10:00:00,28.97767,123.22251,10.19424277,12.3,11,12,9,Yes,98,GPS,5,28,Routine Position,Iridium,0,0
47555574,12/03/2018 11:00:00,12/03/2018 11:00:00,29.16472,123.27461,11.55077922,12.7,13,13,9,Yes,98,GPS,5,27,Routine Position,Iridium,0,0
47556760,12/03/2018 12:00:00,12/03/2018 12:00:00,29.35827,123.33097,11.98185492,10.7,14,8,6,Yes,98,GPS,181,27,Routine Position,Iridium,0,0
47557608,12/03/2018 13:00:00,12/03/2018 13:00:00,29.55038,123.37469,11.75073701,12,11,16,5,Yes,98,GPS,3,27,Routine Position,Iridium,0,0
47558345,12/03/2018 14:00:00,12/03/2018 14:00:00,29.73026,123.41542,10.99981782,10.1,11,9,5,Yes,98,GPS,6,27,Routine Position,Iridium,0,0
47559257,12/03/2018 15:00:00,12/03/2018 15:00:00,29.89162,123.45287,9.875957187,9.5,11,14,5,Yes,98,GPS,5,26,Routine Position,Iridium,0,0
47560324,12/03/2018 16:00:00,12/03/2018 16:00:00,30.03278,123.48912,8.676680853,7.9,12,4,9,Yes,98,GPS,14,26,Routine Position,Iridium,0,0
47561103,12/03/2018 17:00:00,12/03/2018 17:00:00,30.17161,123.52142,8.496860614,8.6,11,8,2,Yes,98,GPS,2,26,Routine Position,Iridium,0,0
47561804,12/03/2018 18:00:00,12/03/2018 18:00:00,30.30911,123.54775,8.362130991,8.8,9,7,0,Yes,98,GPS,2,25,Routine Position,Iridium,0,0
47562527,12/03/2018 19:00:00,12/03/2018 19:00:00,30.44267,123.58807,8.280929923,7.7,14,16,3,Yes,98,GPS,5,25,Routine Position,Iridium,0,0
47563151,12/03/2018 20:00:00,12/03/2018 20:00:00,30.58198,123.63702,8.733185257,8.2,16,24,6,Yes,98,GPS,6,25,Routine Position,Iridium,0,0
47563685,12/03/2018 21:00:00,12/03/2018 21:00:00,30.72366,123.67934,8.776970683,8.8,14,7,5,Yes,98,GPS,3,24,Routine Position,Iridium,0,0
47564330,12/03/2018 22:00:00,12/03/2018 22:00:00,30.871,123.69926,8.899814372,9,6,2,9,Yes,98,GPS,4,24,Routine Position,Iridium,0,0
47565002,12/03/2018 23:00:00,12/03/2018 23:00:00,31.02086,123.7081,9.003099635,8.7,2,18,5,Yes,98,GPS,3,24,Routine Position,Iridium,0,0
47565719,13/03/2018 00:00:00,13/03/2018 00:00:00,31.16635,123.72369,8.766072896,8.3,5,359,6,Yes,98,GPS,19,26,Routine Position,Iridium,0,0
47566840,13/03/2018 01:00:00,13/03/2018 01:00:00,31.31305,123.74128,8.848134184,9.1,5,2,5,Yes,98,GPS,4,26,Routine Position,Iridium,0,0
47567568,13/03/2018 02:00:00,13/03/2018 02:00:00,31.467,123.76761,9.334925912,9.1,8,15,0,Yes,98,GPS,3,28,Routine Position,Iridium,0,0
47568658,13/03/2018 03:00:00,13/03/2018 03:00:00,31.56506,123.6388,8.833242308,9.4,311,316,4,Yes,98,GPS,3,31,Routine Position,Iridium,0,0
47569818,13/03/2018 04:00:00,13/03/2018 04:00:00,31.66198,123.51886,8.448358845,8.6,313,321,3,Yes,98,GPS,11,33,Routine Position,Iridium,0,0
47571535,13/03/2018 05:00:00,13/03/2018 05:00:00,31.76126,123.40712,8.246995833,8.3,316,323,4,Yes,98,GPS,3,34,Routine Position,Iridium,0,0
47573333,13/03/2018 06:00:00,13/03/2018 06:00:00,31.85777,123.2893,8.343883626,8.7,313,307,3,Yes,98,GPS,21,34,Routine Position,Iridium,0,0
47574778,13/03/2018 07:00:00,13/03/2018 07:00:00,31.95216,123.17514,8.117019835,8,314,310,3,Yes,98,GPS,3,32,Routine Position,Iridium,0,0
47576354,13/03/2018 08:00:00,13/03/2018 08:00:00,32.04239,123.04901,8.39646123,7.7,310,324,2,Yes,98,GPS,138,30,Routine Position,Iridium,0,0
47577706,13/03/2018 09:00:00,13/03/2018 09:00:00,32.13634,122.92926,8.296428123,9,312,311,3,Yes,98,GPS,3,28,Routine Position,Iridium,0,0
47578870,13/03/2018 10:00:00,13/03/2018 10:00:00,32.24179,122.80524,8.92685648,8.5,315,317,7,Yes,98,GPS,18,26,Routine Position,Iridium,0,0
47579082,13/03/2018 10:12:42,13/03/2018 10:12:42,32.26296667,122.8066667,0,0,0,0,0,--,0,Iridium,72,0,Config Report,Iridium,0,0
47579856,13/03/2018 11:00:00,13/03/2018 11:00:00,32.34092,122.66431,9.298970924,9.1,309,315,6,Yes,99,GPS,2,25,Routine Position,Iridium,0,0
47580842,13/03/2018 12:00:00,13/03/2018 12:00:00,32.45187,122.57119,8.159138754,9.8,324,9,3,Yes,99,GPS,66,24,Routine Position,Iridium,0,0
47581940,13/03/2018 13:00:00,13/03/2018 13:00:00,32.62537,122.5959,10.48476438,11.1,6,12,4,Yes,99,GPS,3,23,Routine Position,Iridium,0,0
47582679,13/03/2018 14:00:00,13/03/2018 14:00:00,32.80205,122.62261,10.68621232,10.6,7,10,0,Yes,99,GPS,22,22,Routine Position,Iridium,0,0
47583449,13/03/2018 15:00:00,13/03/2018 15:00:00,32.9712,122.65263,10.261092,10.1,8,10,7,Yes,99,GPS,2,22,Routine Position,Iridium,0,0
47584127,13/03/2018 16:00:00,13/03/2018 16:00:00,33.13355,122.68592,9.883820421,9,9,5,4,Yes,99,GPS,3,21,Routine Position,Iridium,0,0
47584647,13/03/2018 17:00:00,13/03/2018 17:00:00,33.29305,122.74922,10.08373421,10,18,20,2,Yes,99,GPS,5,21,Routine Position,Iridium,0,0
47585181,13/03/2018 18:00:00,13/03/2018 18:00:00,33.45052,122.81235,9.963669084,9.9,18,23,3,Yes,99,GPS,10,21,Routine Position,Iridium,0,0
47585618,13/03/2018 19:00:00,13/03/2018 19:00:00,33.6033,122.89027,9.960908486,8.3,23,12,3,Yes,99,GPS,3,21,Routine Position,Iridium,0,0
47586306,13/03/2018 20:00:00,13/03/2018 20:00:00,33.71099,122.79147,8.129994934,7.9,322,319,2,Yes,99,GPS,4,21,Routine Position,Iridium,0,0
47586959,13/03/2018 21:00:00,13/03/2018 21:00:00,33.79915,122.66068,8.399333113,8.6,309,303,3,Yes,99,GPS,3,21,Routine Position,Iridium,0,0
47587369,13/03/2018 22:00:00,13/03/2018 22:00:00,33.87865,122.51139,8.837849964,10.3,302,300,6,Yes,99,GPS,3,21,Routine Position,Iridium,0,0
47587935,13/03/2018 23:00:00,13/03/2018 23:00:00,33.96144,122.36809,8.693672422,8.5,304,304,5,Yes,99,GPS,7,22,Routine Position,Iridium,0,0
47589026,14/03/2018 00:00:00,14/03/2018 00:00:00,34.09041,122.33671,7.893965735,9.8,348,5,0,Yes,99,GPS,10,23,Routine Position,Iridium,0,0
47589841,14/03/2018 01:00:00,14/03/2018 01:00:00,34.24282,122.3443,9.152359689,10,2,343,6,Yes,99,GPS,4,24,Routine Position,Iridium,0,0
47590490,14/03/2018 02:00:00,14/03/2018 02:00:00,34.40043,122.34906,9.45954116,9.8,1,354,2,Yes,99,GPS,3,25,Routine Position,Iridium,0,0
47591358,14/03/2018 03:00:00,14/03/2018 03:00:00,34.56375,122.35186,9.800178445,9.8,0,2,0,Yes,99,GPS,3,27,Routine Position,Iridium,0,0
47592601,14/03/2018 04:00:00,14/03/2018 04:00:00,34.67334,122.19777,10.05611695,10.7,310,298,4,Yes,99,GPS,14,29,Routine Position,Iridium,0,0
47593994,14/03/2018 05:00:00,14/03/2018 05:00:00,34.78084,122.01752,10.98222208,11.6,306,300,2,Yes,99,GPS,6,29,Routine Position,Iridium,0,0
47595541,14/03/2018 06:00:00,14/03/2018 06:00:00,34.893,121.82045,11.809997,12.4,304,304,7,Yes,99,GPS,74,27,Routine Position,Iridium,0,0
47597111,14/03/2018 07:00:00,14/03/2018 07:00:00,35.00573,121.61738,12.0617884,11.4,304,301,2,Yes,99,GPS,3,25,Routine Position,Iridium,0,0
47598771,14/03/2018 08:00:00,14/03/2018 08:00:00,35.11637,121.43305,11.22600308,11.4,306,302,1,Yes,99,GPS,111,24,Routine Position,Iridium,0,0
47600265,14/03/2018 09:00:00,14/03/2018 09:00:00,35.22292,121.2513,10.96973151,12.4,305,307,0,Yes,99,GPS,3,23,Routine Position,Iridium,0,0
47601360,14/03/2018 10:00:00,14/03/2018 10:00:00,35.3235,121.08035,10.32186241,9.5,305,306,12,Yes,99,GPS,10,21,Routine Position,Iridium,0,0
47602499,14/03/2018 11:00:00,14/03/2018 11:00:00,35.41277,120.92336,9.364151688,9.8,304,301,4,Yes,99,GPS,3,21,Routine Position,Iridium,0,0
47603379,14/03/2018 12:00:00,14/03/2018 12:00:00,35.50261,120.74922,10.07412905,12,302,301,2,Yes,99,GPS,188,20,Routine Position,Iridium,0,0
47604119,14/03/2018 13:00:00,14/03/2018 13:00:00,35.5956,120.57056,10.35359347,10.8,302,312,0,Yes,99,GPS,2,20,Routine Position,Iridium,0,0
47604936,14/03/2018 14:00:00,14/03/2018 14:00:00,35.66441,120.4544,7.00970621,6,306,302,6,Yes,99,GPS,4,20,Routine Position,Iridium,0,0
47605145,14/03/2018 14:20:32,14/03/2018 14:20:32,35.63196667,120.5013833,0,0,0,0,0,--,0,Iridium,10,0,Mailbox Check,Iridium,0,0
47605232,14/03/2018 14:30:00,14/03/2018 14:30:00,35.68679,120.40398,5.600804865,9.2,298,295,2,Yes,99,GPS,8,20,Routine Position,Iridium,0,0
47605317,14/03/2018 14:40:00,14/03/2018 14:40:00,35.69732,120.37902,8.223613924,8.7,297,296,2,Yes,99,GPS,8,20,Routine Position,Iridium,0,0
47605405,14/03/2018 14:50:00,14/03/2018 14:50:00,35.70813,120.35487,8.061534066,5.4,298,313,1,Yes,99,GPS,8,19,Routine Position,Iridium,0,0
47605656,14/03/2018 15:00:00,14/03/2018 15:00:00,35.71305,120.34856,2.557199675,3.9,313,298,1,Yes,99,GPS,3,19,Routine Position,Iridium,0,0
47605783,14/03/2018 15:10:00,14/03/2018 15:10:00,35.71802,120.34025,3.016796649,2.8,306,298,0,Yes,99,GPS,4,19,Routine Position,Iridium,0,0
47605861,14/03/2018 15:20:00,14/03/2018 15:20:00,35.72209,120.33285,2.612415509,5,304,304,1,Yes,99,GPS,3,19,Routine Position,Iridium,0,0
47605953,14/03/2018 15:30:00,14/03/2018 15:30:00,35.72818,120.31921,4.549503589,2.8,298,300,2,Yes,99,GPS,6,19,Routine Position,Iridium,0,0
47606028,14/03/2018 15:40:00,14/03/2018 15:40:00,35.73207,120.30955,3.151292234,3.3,296,285,0,Yes,99,GPS,7,19,Routine Position,Iridium,0,0
47606113,14/03/2018 15:50:00,14/03/2018 15:50:00,35.73701,120.2965,4.207802692,4.4,295,294,0,Yes,99,GPS,6,19,Routine Position,Iridium,0,0
47606470,14/03/2018 16:00:00,14/03/2018 16:00:00,35.74512,120.27589,6.69263182,7.3,295,303,4,Yes,99,GPS,11,19,Routine Position,Iridium,0,0
47606596,14/03/2018 16:10:00,14/03/2018 16:10:00,35.75314,120.26407,4.501357829,0.5,309,24,2,Yes,99,GPS,132,19,Routine Position,Iridium,0,0
47606657,14/03/2018 16:20:00,14/03/2018 16:20:00,35.75374,120.26151,0.778480318,1,286,266,4,Yes,99,GPS,152,19,Routine Position,Iridium,0,0
47606736,14/03/2018 16:30:00,14/03/2018 16:30:00,35.75555,120.25351,2.426328625,7.3,285,14,2,Yes,99,GPS,3,20,Routine Position,Iridium,0,0
47606810,14/03/2018 16:40:00,14/03/2018 16:40:00,35.77205,120.25195,5.957454422,2.7,355,285,1,Yes,99,GPS,2,19,Routine Position,Iridium,0,0
47606866,14/03/2018 16:50:00,14/03/2018 16:50:00,35.77773,120.25151,2.048834434,2.6,356,355,2,Yes,99,GPS,2,19,Routine Position,Iridium,0,0
47607039,14/03/2018 17:00:00,14/03/2018 17:00:00,35.78251,120.25274,1.757895945,2.4,11,38,0,Yes,99,GPS,3,19,Routine Position,Iridium,0,0
47607249,14/03/2018 17:10:00,14/03/2018 17:10:00,35.78757,120.2538,1.847715904,2.3,9,4,1,Yes,99,GPS,4,19,Routine Position,Iridium,0,0
47607375,14/03/2018 17:20:00,14/03/2018 17:20:00,35.78996,120.25077,1.234187378,1.3,314,284,8,Yes,99,GPS,3,19,Routine Position,Iridium,0,0
47607492,14/03/2018 17:30:00,14/03/2018 17:30:00,35.79057,120.25056,0.228001809,0.3,344,0,2,Yes,99,GPS,3,19,Routine Position,Iridium,0,0
47607645,14/03/2018 17:40:00,14/03/2018 17:40:00,35.79136,120.25118,0.337138664,0.5,32,33,3,Yes,99,GPS,2,19,Routine Position,Iridium,0,0
47607778,14/03/2018 17:50:00,14/03/2018 17:50:00,35.79199,120.25249,0.444717284,0.4,59,0,3,Yes,99,GPS,3,19,Routine Position,Iridium,0,0
47608116,14/03/2018 18:00:00,14/03/2018 18:00:00,35.79269,120.25351,0.390152982,0.2,49,0,3,Yes,99,GPS,4,19,Routine Position,Iridium,0,0
47608302,14/03/2018 18:10:00,14/03/2018 18:10:00,35.79397,120.25334,0.463466164,1.2,353,63,2,Yes,99,GPS,9,19,Routine Position,Iridium,0,0
47608408,14/03/2018 18:20:00,14/03/2018 18:20:00,35.79405,120.25358,0.075768081,0.4,67,0,2,Yes,99,GPS,43,19,Routine Position,Iridium,0,0
47608502,14/03/2018 18:30:00,14/03/2018 18:30:00,35.79372,120.25405,0.181518297,0.1,130,0,1,Yes,99,GPS,307,19,Routine Position,Iridium,0,0
47608578,14/03/2018 18:40:00,14/03/2018 18:40:00,35.79287,120.25401,0.306222876,0.5,182,209,1,Yes,99,GPS,7,19,Routine Position,Iridium,0,0
47608641,14/03/2018 18:50:00,14/03/2018 18:50:00,35.79211,120.25474,0.346839202,0.5,142,138,1,Yes,99,GPS,5,20,Routine Position,Iridium,0,0
47608815,14/03/2018 19:00:00,14/03/2018 19:00:00,35.79016,120.25511,0.710266086,1.1,171,188,0,Yes,99,GPS,3,19,Routine Position,Iridium,0,0
47608966,14/03/2018 19:10:00,14/03/2018 19:10:00,35.78893,120.25387,0.572007816,1,219,199,1,Yes,99,GPS,3,20,Routine Position,Iridium,0,0
47609043,14/03/2018 19:20:00,14/03/2018 19:20:00,35.78791,120.25113,0.880383913,1.1,245,284,2,Yes,99,GPS,3,20,Routine Position,Iridium,0,0
47609151,14/03/2018 19:30:00,14/03/2018 19:30:00,35.78675,120.2503,0.482845744,1.2,210,228,5,Yes,99,GPS,3,19,Routine Position,Iridium,0,0
47609222,14/03/2018 19:40:00,14/03/2018 19:40:00,35.78553,120.24754,0.917907709,1.2,241,218,2,Yes,99,GPS,4,19,Routine Position,Iridium,0,0
47609285,14/03/2018 19:50:00,14/03/2018 19:50:00,35.78396,120.24433,1.094648224,1.3,238,351,3,Yes,99,GPS,4,19,Routine Position,Iridium,0,0
47609622,14/03/2018 20:00:00,14/03/2018 20:00:00,35.78173,120.24271,0.93183969,1.4,210,238,2,Yes,99,GPS,2,19,Routine Position,Iridium,0,0
47609726,14/03/2018 20:10:00,14/03/2018 20:10:00,35.78015,120.24098,0.760797441,1.2,221,224,1,Yes,99,GPS,3,19,Routine Position,Iridium,0,0
47609798,14/03/2018 20:20:00,14/03/2018 20:20:00,35.77691,120.23832,1.401441605,1.8,213,195,1,Yes,99,GPS,5,19,Routine Position,Iridium,0,0
47609872,14/03/2018 20:30:00,14/03/2018 20:30:00,35.77276,120.23598,1.642908644,1.9,204,212,0,Yes,99,GPS,15,19,Routine Position,Iridium,0,0
47609982,14/03/2018 20:40:00,14/03/2018 20:40:00,35.77228,120.23099,1.467706667,1.2,263,306,1,Yes,99,GPS,7,19,Routine Position,Iridium,0,0
47610058,14/03/2018 20:50:00,14/03/2018 20:50:00,35.774,120.2256,1.69171292,1.7,291,265,0,Yes,99,GPS,7,19,Routine Position,Iridium,0,0
47610252,14/03/2018 21:00:00,14/03/2018 21:00:00,35.7739,120.22055,1.475436656,1.4,268,269,1,Yes,99,GPS,7,19,Routine Position,Iridium,0,0
47610389,14/03/2018 21:10:00,14/03/2018 21:10:00,35.77338,120.22001,0.244786694,1.5,220,273,1,Yes,99,GPS,3,18,Routine Position,Iridium,0,0
47610469,14/03/2018 21:20:00,14/03/2018 21:20:00,35.77232,120.21962,0.398239384,1.4,196,160,2,Yes,99,GPS,4,18,Routine Position,Iridium,0,0
47610566,14/03/2018 21:30:00,14/03/2018 21:30:00,35.77235,120.22023,0.178498836,0.3,86,0,2,Yes,99,GPS,4,19,Routine Position,Iridium,0,0
47610640,14/03/2018 21:40:00,14/03/2018 21:40:00,35.7702,120.21964,0.792952913,0.5,192,314,4,Yes,99,GPS,4,18,Routine Position,Iridium,0,0
47610718,14/03/2018 21:50:00,14/03/2018 21:50:00,35.77073,120.21833,0.427572037,1.4,296,224,0,Yes,99,GPS,5,18,Routine Position,Iridium,0,0
47610990,14/03/2018 22:00:00,14/03/2018 22:00:00,35.76953,120.21864,0.441387584,1,168,4,2,Yes,99,GPS,10,18,Routine Position,Iridium,0,0
47611117,14/03/2018 22:10:00,14/03/2018 22:10:00,35.77101,120.21704,0.708723942,1.1,318,247,4,Yes,99,GPS,10,18,Routine Position,Iridium,0,0
47611225,14/03/2018 22:20:00,14/03/2018 22:20:00,35.76933,120.21651,0.624298783,0.5,194,0,3,Yes,99,GPS,16,18,Routine Position,Iridium,0,0
47611363,14/03/2018 22:30:00,14/03/2018 22:30:00,35.76964,120.21712,0.210242883,0.8,57,65,3,Yes,99,GPS,96,18,Routine Position,Iridium,0,0
47611494,14/03/2018 22:40:00,14/03/2018 22:40:00,35.76973,120.21652,0.178226598,0.6,280,209,2,Yes,99,GPS,5,19,Routine Position,Iridium,0,0
47611606,14/03/2018 22:50:00,14/03/2018 22:50:00,35.77011,120.21904,0.748679785,0.7,79,94,0,Yes,99,GPS,364,19,Routine Position,Iridium,0,0
47611807,14/03/2018 23:00:00,14/03/2018 23:00:00,35.77066,120.21937,0.220215885,1.2,25,349,0,Yes,99,GPS,2,19,Routine Position,Iridium,0,0
47611957,14/03/2018 23:10:00,14/03/2018 23:10:00,35.78038,120.20948,4.537446119,7,320,335,0,Yes,99,GPS,2,19,Routine Position,Iridium,0,0
47612077,14/03/2018 23:20:00,14/03/2018 23:20:00,35.79718,120.19506,7.369581556,7,325,325,0,Yes,99,GPS,3,19,Routine Position,Iridium,0,0
47612240,14/03/2018 23:30:00,14/03/2018 23:30:00,35.81402,120.18088,7.341152101,8.2,325,325,2,Yes,99,GPS,5,19,Routine Position,Iridium,0,0
47612328,14/03/2018 23:40:00,14/03/2018 23:40:00,35.83076,120.16682,7.291181262,7.8,325,327,0,Yes,99,GPS,62,19,Routine Position,Iridium,0,0
47612431,14/03/2018 23:50:00,14/03/2018 23:50:00,35.84739,120.15392,7.072124285,7.5,327,328,2,Yes,99,GPS,227,19,Routine Position,Iridium,0,0
47612748,15/03/2018 00:00:00,15/03/2018 00:00:00,35.86391,120.13985,7.22653757,7.3,325,332,2,Yes,99,GPS,2,19,Routine Position,Iridium,0,0
47613217,15/03/2018 00:10:00,15/03/2018 00:10:00,35.87919,120.12729,6.609364469,5.3,326,327,3,Yes,99,GPS,2,19,Routine Position,Iridium,0,0
47613305,15/03/2018 00:20:00,15/03/2018 00:20:00,35.88924,120.12132,4.015222271,3.5,334,338,2,Yes,99,GPS,3,19,Routine Position,Iridium,0,0
47613407,15/03/2018 00:30:00,15/03/2018 00:30:00,35.89634,120.12197,2.563020023,2.4,4,348,0,Yes,99,GPS,3,19,Routine Position,Iridium,0,0
47613467,15/03/2018 00:40:00,15/03/2018 00:40:00,35.90021,120.12077,1.43647768,1.7,345,314,1,Yes,99,GPS,3,20,Routine Position,Iridium,0,0
47613549,15/03/2018 00:50:00,15/03/2018 00:50:00,35.89885,120.11918,0.674313334,2.7,223,101,0,Yes,99,GPS,3,20,Routine Position,Iridium,0,0
47613798,15/03/2018 01:00:00,15/03/2018 01:00:00,35.89529,120.11886,1.284993047,3.8,184,176,0,Yes,99,GPS,2,20,Routine Position,Iridium,0,0